index,Date,country,misogyny,total
1,01/11/2019,IN,18,45332
2,02/11/2019,IN,17,45963
3,03/11/2019,IN,16,48694
4,04/11/2019,IN,18,34630
5,05/11/2019,IN,16,35476
6,06/11/2019,IN,20,43180
7,07/11/2019,IN,9,33204
8,08/11/2019,IN,11,35734
9,09/11/2019,IN,10,39693
10,10/11/2019,IN,20,66106
11,11/11/2019,IN,8,36520
12,12/11/2019,IN,17,46233
13,13/11/2019,IN,13,34479
14,14/11/2019,IN,7,36760
15,15/11/2019,IN,17,30033
16,16/11/2019,IN,8,32781
17,17/11/2019,IN,11,33401
18,18/11/2019,IN,12,34494
19,19/11/2019,IN,33,23189
20,20/11/2019,IN,18,35692
21,21/11/2019,IN,13,33099
22,22/11/2019,IN,13,34572
23,23/11/2019,IN,13,39861
24,24/11/2019,IN,20,33685
25,25/11/2019,IN,22,25460
26,26/11/2019,IN,8,40921
27,27/11/2019,IN,14,37229
28,28/11/2019,IN,12,35738
29,29/11/2019,IN,14,36939
30,30/11/2019,IN,18,37480
31,01/12/2019,IN,12,37960
32,02/12/2019,IN,21,34402
33,03/12/2019,IN,10,30041
34,04/12/2019,IN,14,37583
35,05/12/2019,IN,18,37184
36,06/12/2019,IN,16,43494
37,07/12/2019,IN,15,34908
38,08/12/2019,IN,21,35023
39,09/12/2019,IN,13,35712
40,10/12/2019,IN,16,37047
41,11/12/2019,IN,11,36803
42,12/12/2019,IN,16,34251
43,13/12/2019,IN,12,38726
44,14/12/2019,IN,9,39737
45,15/12/2019,IN,9,42318
46,16/12/2019,IN,23,46500
47,17/12/2019,IN,23,39598
48,18/12/2019,IN,18,36327
49,19/12/2019,IN,13,46772
50,20/12/2019,IN,10,41158
51,21/12/2019,IN,11,39090
52,22/12/2019,IN,8,43371
53,23/12/2019,IN,8,31598
54,24/12/2019,IN,15,37806
55,25/12/2019,IN,16,38098
56,26/12/2019,IN,20,38479
57,27/12/2019,IN,13,37757
58,28/12/2019,IN,12,40945
59,29/12/2019,IN,11,35624
60,30/12/2019,IN,8,40081
61,31/12/2019,IN,11,44751
62,01/01/2020,IN,15,48839
63,02/01/2020,IN,11,35061
64,03/01/2020,IN,12,34656
65,04/01/2020,IN,4,41874
66,05/01/2020,IN,11,44696
67,06/01/2020,IN,6,42936
68,07/01/2020,IN,42,41853
69,08/01/2020,IN,13,43747
70,09/01/2020,IN,17,40721
71,10/01/2020,IN,30,40239
72,11/01/2020,IN,12,43677
73,12/01/2020,IN,11,38894
74,13/01/2020,IN,18,37626
75,14/01/2020,IN,9,38198
76,15/01/2020,IN,9,38134
77,16/01/2020,IN,19,37685
78,17/01/2020,IN,19,37843
79,18/01/2020,IN,11,42434
80,19/01/2020,IN,8,37790
81,20/01/2020,IN,17,36733
82,21/01/2020,IN,23,37284
83,22/01/2020,IN,14,37532
84,23/01/2020,IN,19,39176
85,24/01/2020,IN,25,36975
86,25/01/2020,IN,18,36939
87,26/01/2020,IN,11,51714
88,27/01/2020,IN,13,36718
89,28/01/2020,IN,24,38551
90,29/01/2020,IN,12,40034
91,30/01/2020,IN,11,40632
92,31/01/2020,IN,13,38045
93,01/02/2020,IN,17,47418
94,02/02/2020,IN,15,44975
95,03/02/2020,IN,14,33647
96,04/02/2020,IN,12,38624
97,05/02/2020,IN,7,35694
98,06/02/2020,IN,15,34651
99,07/02/2020,IN,18,33998
100,08/02/2020,IN,19,37587
101,09/02/2020,IN,7,34737
102,10/02/2020,IN,16,34682
103,11/02/2020,IN,22,41718
104,12/02/2020,IN,17,43329
105,13/02/2020,IN,23,35911
106,14/02/2020,IN,12,38892
107,15/02/2020,IN,9,38076
108,16/02/2020,IN,13,36028
109,17/02/2020,IN,14,37953
110,18/02/2020,IN,16,35615
111,19/02/2020,IN,22,34358
112,20/02/2020,IN,20,35273
113,21/02/2020,IN,14,36221
114,22/02/2020,IN,16,36849
115,23/02/2020,IN,19,34304
116,24/02/2020,IN,12,43712
117,25/02/2020,IN,7,42001
118,26/02/2020,IN,10,38567
119,27/02/2020,IN,10,37491
120,28/02/2020,IN,12,37026
121,29/02/2020,IN,8,33842
122,01/03/2020,IN,17,36452
123,02/03/2020,IN,14,36995
124,03/03/2020,IN,14,34356
125,04/03/2020,IN,17,32691
126,05/03/2020,IN,14,34875
127,06/03/2020,IN,17,34223
128,07/03/2020,IN,18,36510
129,08/03/2020,IN,57,39956
130,09/03/2020,IN,28,37691
131,10/03/2020,IN,15,44437
132,11/03/2020,IN,9,34640
133,12/03/2020,IN,80,34907
134,13/03/2020,IN,48,34933
135,14/03/2020,IN,35,36665
136,15/03/2020,IN,46,36414
137,16/03/2020,IN,13,33994
138,17/03/2020,IN,25,37145
139,18/03/2020,IN,12,34575
140,19/03/2020,IN,11,39084
141,20/03/2020,IN,18,42927
142,21/03/2020,IN,4,48057
143,22/03/2020,IN,22,75669
144,23/03/2020,IN,19,51215
145,24/03/2020,IN,12,65692
146,25/03/2020,IN,13,59159
147,26/03/2020,IN,14,60799
148,27/03/2020,IN,6,60701
149,28/03/2020,IN,14,66032
150,29/03/2020,IN,14,60904
151,30/03/2020,IN,12,55427
152,31/03/2020,IN,13,53330
153,01/04/2020,IN,17,53344
154,02/04/2020,IN,16,51864
155,03/04/2020,IN,25,58205
156,04/04/2020,IN,21,55996
157,05/04/2020,IN,18,69729
158,06/04/2020,IN,23,55756
159,07/04/2020,IN,26,54992
160,08/04/2020,IN,11,55988
161,09/04/2020,IN,12,50083
162,10/04/2020,IN,16,56118
163,11/04/2020,IN,19,60062
164,12/04/2020,IN,21,61538
165,13/04/2020,IN,18,57260
166,14/04/2020,IN,11,59961
167,15/04/2020,IN,28,54736
168,16/04/2020,IN,17,56606
169,17/04/2020,IN,17,56824
170,18/04/2020,IN,16,59968
171,19/04/2020,IN,33,63086
172,20/04/2020,IN,27,62548
173,21/04/2020,IN,16,58285
174,22/04/2020,IN,20,64638
175,23/04/2020,IN,20,61092
176,24/04/2020,IN,19,59517
177,25/04/2020,IN,11,60008
178,26/04/2020,IN,5,10352
179,27/04/2020,IN,20,63989
180,28/04/2020,IN,23,51393
181,30/04/2020,IN,1,9352
182,01/05/2020,IN,11,45023
183,02/05/2020,IN,20,61597
184,03/05/2020,IN,24,61214
185,04/05/2020,IN,45,63668
186,05/05/2020,IN,64,57276
187,06/05/2020,IN,40,56888
188,07/05/2020,IN,17,61050
189,08/05/2020,IN,22,60202
190,09/05/2020,IN,20,60170
191,10/05/2020,IN,31,68540
192,11/05/2020,IN,167,59571
193,12/05/2020,IN,30,65672
194,13/05/2020,IN,31,54843
195,14/05/2020,IN,13,55579
196,15/05/2020,IN,23,57469
197,16/05/2020,IN,21,54962
198,17/05/2020,IN,23,108606
199,18/05/2020,IN,18,53701
200,19/05/2020,IN,23,60678
201,20/05/2020,IN,15,61160
202,21/05/2020,IN,14,43689
203,22/05/2020,IN,14,52789
204,23/05/2020,IN,27,51095
205,24/05/2020,IN,22,60516
206,25/05/2020,IN,18,53597
207,26/05/2020,IN,13,50879
208,27/05/2020,IN,13,54771
209,28/05/2020,IN,15,51820
210,29/05/2020,IN,18,54327
211,30/05/2020,IN,18,57390
212,31/05/2020,IN,15,59067
213,01/06/2020,IN,18,53860
214,02/06/2020,IN,16,53408
215,03/06/2020,IN,22,58836
216,04/06/2020,IN,16,53993
217,05/06/2020,IN,33,57270
218,06/06/2020,IN,24,53940
219,07/06/2020,IN,36,51983
220,08/06/2020,IN,39,48365
221,09/06/2020,IN,25,48374
222,10/06/2020,IN,19,47815
223,11/06/2020,IN,16,46793
224,12/06/2020,IN,13,51003
225,13/06/2020,IN,19,51028
226,14/06/2020,IN,24,72500
227,15/06/2020,IN,31,49801
228,16/06/2020,IN,24,63006
229,17/06/2020,IN,18,59535
230,18/06/2020,IN,34,57774
231,19/06/2020,IN,19,55410
232,20/06/2020,IN,9,50844
233,21/06/2020,IN,18,64997
234,22/06/2020,IN,16,49245
235,23/06/2020,IN,13,53368
236,24/06/2020,IN,19,43421
237,25/06/2020,IN,14,47745
238,26/06/2020,IN,28,46402
239,27/06/2020,IN,15,43494
240,28/06/2020,IN,8,50882
241,29/06/2020,IN,15,41679
242,30/06/2020,IN,8,41886
243,01/07/2020,IN,6,41147
244,02/07/2020,IN,14,46762
245,03/07/2020,IN,25,42785
246,04/07/2020,IN,14,48472
247,05/07/2020,IN,15,52277
248,06/07/2020,IN,19,82397
249,07/07/2020,IN,19,44680
250,08/07/2020,IN,16,49768
251,09/07/2020,IN,9,40107
252,10/07/2020,IN,12,53955
253,11/07/2020,IN,21,52781
254,12/07/2020,IN,8,40054
255,13/07/2020,IN,11,52449
256,14/07/2020,IN,11,43314
257,15/07/2020,IN,14,40399
258,16/07/2020,IN,12,50284
259,17/07/2020,IN,15,47819
260,18/07/2020,IN,23,50998
261,19/07/2020,IN,19,53368
262,20/07/2020,IN,15,49916
263,21/07/2020,IN,19,50254
264,22/07/2020,IN,21,47639
265,23/07/2020,IN,19,45650
266,24/07/2020,IN,22,47262
267,25/07/2020,IN,22,52652
268,26/07/2020,IN,17,91612
269,27/07/2020,IN,19,49009
270,28/07/2020,IN,16,47845
271,29/07/2020,IN,20,53784
272,30/07/2020,IN,17,53008
273,31/07/2020,IN,18,45053
274,01/08/2020,IN,13,53031
275,02/08/2020,IN,19,51001
276,03/08/2020,IN,6,41652
277,04/08/2020,IN,10,40962
278,05/08/2020,IN,22,52719
279,06/08/2020,IN,12,44073
280,07/08/2020,IN,7,41151
281,08/08/2020,IN,19,52965
282,09/08/2020,IN,15,58054
283,10/08/2020,IN,23,45374
284,11/08/2020,IN,28,49225
285,12/08/2020,IN,20,47918
286,13/08/2020,IN,37,46113
287,14/08/2020,IN,13,47030
288,15/08/2020,IN,22,74709
289,16/08/2020,IN,43,56156
290,17/08/2020,IN,22,46657
291,18/08/2020,IN,15,45954
292,19/08/2020,IN,21,48533
293,20/08/2020,IN,21,46522
294,21/08/2020,IN,45,48767
295,22/08/2020,IN,11,46522
296,23/08/2020,IN,15,48641
297,24/08/2020,IN,44,37883
298,25/08/2020,IN,19,42142
299,26/08/2020,IN,40,42362
300,27/08/2020,IN,48,52195
301,28/08/2020,IN,56,45915
302,29/08/2020,IN,18,51795
303,30/08/2020,IN,11,50763
304,31/08/2020,IN,16,52159
305,01/09/2020,IN,38,53115
306,02/09/2020,IN,40,51133
307,03/09/2020,IN,50,46803
308,04/09/2020,IN,17,45130
309,05/09/2020,IN,46,54941
310,06/09/2020,IN,78,49317
311,07/09/2020,IN,51,47951
312,08/09/2020,IN,69,52150
313,09/09/2020,IN,80,61132
314,10/09/2020,IN,35,43176
315,11/09/2020,IN,43,45613
316,12/09/2020,IN,25,46106
317,13/09/2020,IN,22,46126
318,14/09/2020,IN,17,40433
319,15/09/2020,IN,19,42669
320,16/09/2020,IN,17,42997
321,17/09/2020,IN,35,54175
322,18/09/2020,IN,17,40923
323,19/09/2020,IN,24,43241
324,20/09/2020,IN,66,44899
325,21/09/2020,IN,39,39700
326,22/09/2020,IN,20,41131
327,23/09/2020,IN,27,42524
328,24/09/2020,IN,19,35145
329,25/09/2020,IN,31,32949
330,26/09/2020,IN,24,37426
331,27/09/2020,IN,23,42720
332,28/09/2020,IN,24,32605
333,29/09/2020,IN,28,35977
334,30/09/2020,IN,22,34319
335,01/10/2020,IN,20,13895
336,02/10/2020,IN,70,36176
337,03/10/2020,IN,23,34645
338,04/10/2020,IN,21,36657
339,05/10/2020,IN,20,30626
340,06/10/2020,IN,20,81694
341,07/10/2020,IN,66,27234
342,08/10/2020,IN,20,35817
343,09/10/2020,IN,68,35960
344,10/10/2020,IN,26,38577
345,11/10/2020,IN,15,40798
346,12/10/2020,IN,72,36660
347,13/10/2020,IN,16,41547
348,14/10/2020,IN,11,36697
349,15/10/2020,IN,18,38443
350,16/10/2020,IN,20,30671
351,17/10/2020,IN,30,38721
352,18/10/2020,IN,22,38483
353,19/10/2020,IN,31,33788
354,20/10/2020,IN,30,32839
355,21/10/2020,IN,15,29810
356,22/10/2020,IN,24,92206
357,23/10/2020,IN,30,35196
358,24/10/2020,IN,25,34492
359,25/10/2020,IN,15,36418
360,26/10/2020,IN,29,33537
361,27/10/2020,IN,15,30787
362,28/10/2020,IN,36,29664
0,01/11/2019,BD,0,650
1,01/11/2019,LK,1,669
2,01/11/2019,NP,0,450
3,01/11/2019,PK,3,5611
4,02/11/2019,BD,0,680
5,02/11/2019,LK,0,714
6,02/11/2019,NP,0,659
7,02/11/2019,PK,3,5208
11,03/11/2019,NP,0,565
10,03/11/2019,PK,3,5825
8,03/11/2019,LK,0,756
9,03/11/2019,BD,0,750
12,04/11/2019,BD,0,735
13,04/11/2019,LK,0,669
14,04/11/2019,NP,0,624
15,04/11/2019,PK,2,4845
19,05/11/2019,LK,0,649
16,05/11/2019,NP,1,606
17,05/11/2019,PK,2,4518
18,05/11/2019,BD,0,577
23,06/11/2019,NP,1,572
22,06/11/2019,PK,4,5186
20,06/11/2019,LK,0,738
21,06/11/2019,BD,0,617
24,07/11/2019,BD,1,569
25,07/11/2019,LK,0,665
26,07/11/2019,NP,0,528
27,07/11/2019,PK,2,4345
28,08/11/2019,BD,0,611
29,08/11/2019,LK,0,650
30,08/11/2019,NP,0,530
31,08/11/2019,PK,2,4724
33,09/11/2019,NP,0,628
35,09/11/2019,BD,0,787
32,09/11/2019,PK,3,5655
34,09/11/2019,LK,0,751
36,10/11/2019,BD,0,606
37,10/11/2019,LK,2,809
38,10/11/2019,NP,0,588
39,10/11/2019,PK,6,4450
42,11/11/2019,BD,1,664
40,11/11/2019,LK,2,760
41,11/11/2019,NP,1,527
43,11/11/2019,PK,3,3965
47,12/11/2019,NP,0,481
46,12/11/2019,PK,2,4414
44,12/11/2019,LK,0,741
45,12/11/2019,BD,1,561
48,13/11/2019,BD,0,632
49,13/11/2019,LK,1,856
50,13/11/2019,NP,0,522
51,13/11/2019,PK,3,4559
55,14/11/2019,LK,1,722
52,14/11/2019,NP,0,514
53,14/11/2019,PK,2,4574
54,14/11/2019,BD,0,634
59,15/11/2019,NP,1,427
58,15/11/2019,PK,1,3698
56,15/11/2019,LK,0,678
57,15/11/2019,BD,2,569
62,16/11/2019,BD,0,803
60,16/11/2019,LK,1,1123
61,16/11/2019,NP,1,462
63,16/11/2019,PK,1,5024
67,17/11/2019,PK,3,4620
66,17/11/2019,NP,1,470
65,17/11/2019,LK,0,1356
64,17/11/2019,BD,0,817
68,18/11/2019,BD,0,660
69,18/11/2019,LK,1,982
70,18/11/2019,NP,0,443
71,18/11/2019,PK,4,4712
74,19/11/2019,NP,0,478
75,19/11/2019,PK,5,3983
72,19/11/2019,BD,0,638
73,19/11/2019,LK,0,766
76,20/11/2019,BD,0,754
77,20/11/2019,LK,0,782
78,20/11/2019,NP,0,509
79,20/11/2019,PK,3,4734
83,21/11/2019,LK,1,796
80,21/11/2019,NP,0,488
81,21/11/2019,PK,2,4558
82,21/11/2019,BD,0,675
86,22/11/2019,NP,0,464
87,22/11/2019,PK,6,4797
84,22/11/2019,BD,0,696
85,22/11/2019,LK,1,875
91,23/11/2019,PK,1,4745
90,23/11/2019,NP,0,638
89,23/11/2019,LK,0,897
88,23/11/2019,BD,0,691
92,24/11/2019,BD,0,628
93,24/11/2019,LK,1,914
94,24/11/2019,NP,0,455
95,24/11/2019,PK,1,4726
98,25/11/2019,NP,0,468
99,25/11/2019,PK,2,4725
96,25/11/2019,BD,0,598
97,25/11/2019,LK,0,835
100,26/11/2019,BD,0,764
101,26/11/2019,LK,1,773
102,26/11/2019,NP,0,507
103,26/11/2019,PK,3,5048
107,27/11/2019,LK,2,640
104,27/11/2019,NP,1,518
105,27/11/2019,PK,1,4747
106,27/11/2019,BD,0,709
111,28/11/2019,NP,0,505
110,28/11/2019,PK,0,4815
108,28/11/2019,LK,1,741
109,28/11/2019,BD,0,579
112,29/11/2019,BD,1,626
113,29/11/2019,LK,0,710
114,29/11/2019,NP,1,489
115,29/11/2019,PK,2,4672
119,30/11/2019,LK,0,726
116,30/11/2019,NP,1,486
117,30/11/2019,PK,1,4916
118,30/11/2019,BD,1,878
123,01/12/2019,NP,1,600
122,01/12/2019,PK,2,5189
120,01/12/2019,LK,0,825
121,01/12/2019,BD,0,573
127,02/12/2019,LK,0,760
124,02/12/2019,NP,0,552
125,02/12/2019,PK,6,4587
126,02/12/2019,BD,0,593
129,03/12/2019,BD,0,540
130,03/12/2019,LK,1,637
128,03/12/2019,NP,1,523
131,03/12/2019,PK,2,3789
135,04/12/2019,PK,5,4404
134,04/12/2019,NP,0,559
133,04/12/2019,LK,0,665
132,04/12/2019,BD,0,640
136,05/12/2019,BD,0,510
137,05/12/2019,LK,0,697
138,05/12/2019,NP,0,557
139,05/12/2019,PK,2,4313
142,06/12/2019,NP,0,551
143,06/12/2019,PK,6,4450
140,06/12/2019,BD,0,509
141,06/12/2019,LK,0,671
144,07/12/2019,BD,2,726
145,07/12/2019,LK,0,834
146,07/12/2019,NP,1,622
147,07/12/2019,PK,3,4848
151,08/12/2019,LK,0,754
148,08/12/2019,NP,0,552
149,08/12/2019,PK,2,4082
150,08/12/2019,BD,0,685
154,09/12/2019,NP,0,443
155,09/12/2019,PK,3,4458
152,09/12/2019,BD,2,668
153,09/12/2019,LK,0,770
156,10/12/2019,BD,0,620
157,10/12/2019,LK,0,813
158,10/12/2019,NP,1,626
159,10/12/2019,PK,6,4387
160,11/12/2019,BD,0,526
161,11/12/2019,LK,0,694
162,11/12/2019,NP,2,452
163,11/12/2019,PK,2,5145
167,12/12/2019,PK,2,4502
166,12/12/2019,NP,1,464
165,12/12/2019,LK,0,686
164,12/12/2019,BD,1,587
168,13/12/2019,BD,1,632
169,13/12/2019,LK,1,708
170,13/12/2019,NP,0,526
171,13/12/2019,PK,1,4805
175,14/12/2019,LK,1,882
172,14/12/2019,NP,1,596
173,14/12/2019,PK,0,4955
174,14/12/2019,BD,0,674
178,15/12/2019,NP,2,467
179,15/12/2019,PK,0,4970
176,15/12/2019,BD,0,636
177,15/12/2019,LK,1,754
183,16/12/2019,PK,1,5098
182,16/12/2019,NP,0,532
181,16/12/2019,LK,0,865
180,16/12/2019,BD,1,719
184,17/12/2019,BD,0,624
185,17/12/2019,LK,3,711
186,17/12/2019,NP,0,475
187,17/12/2019,PK,3,5204
190,18/12/2019,NP,0,526
191,18/12/2019,PK,2,4532
188,18/12/2019,BD,1,658
189,18/12/2019,LK,1,738
192,19/12/2019,BD,0,641
193,19/12/2019,LK,1,816
194,19/12/2019,NP,1,484
195,19/12/2019,PK,1,5388
199,20/12/2019,LK,0,651
196,20/12/2019,NP,1,408
197,20/12/2019,PK,0,5077
198,20/12/2019,BD,2,704
202,21/12/2019,NP,0,491
203,21/12/2019,PK,1,4730
200,21/12/2019,BD,1,762
201,21/12/2019,LK,0,659
204,22/12/2019,BD,1,851
205,22/12/2019,LK,0,789
206,22/12/2019,NP,0,546
207,22/12/2019,PK,2,5164
208,23/12/2019,BD,0,715
209,23/12/2019,LK,0,644
210,23/12/2019,NP,0,379
211,23/12/2019,PK,0,3953
215,24/12/2019,PK,4,4513
214,24/12/2019,NP,0,503
213,24/12/2019,LK,0,852
212,24/12/2019,BD,1,908
216,25/12/2019,BD,0,890
217,25/12/2019,LK,0,947
218,25/12/2019,NP,1,542
219,25/12/2019,PK,2,5528
223,26/12/2019,LK,3,862
220,26/12/2019,NP,0,564
221,26/12/2019,PK,4,4509
222,26/12/2019,BD,2,799
226,27/12/2019,NP,0,446
227,27/12/2019,PK,2,4612
224,27/12/2019,BD,0,726
225,27/12/2019,LK,1,748
228,28/12/2019,BD,0,646
229,28/12/2019,LK,2,815
230,28/12/2019,NP,0,568
231,28/12/2019,PK,4,4868
232,29/12/2019,BD,0,749
233,29/12/2019,LK,1,845
234,29/12/2019,NP,0,591
235,29/12/2019,PK,2,5078
239,30/12/2019,NP,0,432
238,30/12/2019,PK,3,4726
236,30/12/2019,LK,1,841
237,30/12/2019,BD,1,783
240,31/12/2019,BD,0,1038
241,31/12/2019,LK,3,995
242,31/12/2019,NP,1,625
243,31/12/2019,PK,3,5633
244,01/01/2020,BD,0,1038
245,01/01/2020,LK,0,1021
246,01/01/2020,NP,0,789
247,01/01/2020,PK,1,5095
251,02/01/2020,PK,6,4495
250,02/01/2020,NP,0,484
249,02/01/2020,LK,0,813
248,02/01/2020,BD,1,771
252,03/01/2020,BD,2,827
253,03/01/2020,LK,0,793
254,03/01/2020,NP,0,534
255,03/01/2020,PK,8,4793
256,04/01/2020,BD,0,774
257,04/01/2020,LK,1,1047
258,04/01/2020,NP,0,559
259,04/01/2020,PK,0,5450
262,05/01/2020,PK,1,5808
263,05/01/2020,NP,0,615
261,05/01/2020,BD,0,885
260,05/01/2020,LK,1,1081
264,06/01/2020,BD,0,889
265,06/01/2020,LK,0,780
266,06/01/2020,NP,1,540
267,06/01/2020,PK,3,4785
268,07/01/2020,BD,0,759
269,07/01/2020,LK,1,782
270,07/01/2020,NP,0,422
271,07/01/2020,PK,0,4275
275,08/01/2020,BD,0,806
273,08/01/2020,LK,0,888
272,08/01/2020,NP,0,571
274,08/01/2020,PK,2,5113
276,09/01/2020,BD,0,778
277,09/01/2020,LK,0,787
278,09/01/2020,NP,0,587
279,09/01/2020,PK,5,4528
283,10/01/2020,LK,1,869
280,10/01/2020,NP,0,519
281,10/01/2020,PK,3,4817
282,10/01/2020,BD,2,748
287,11/01/2020,NP,0,559
286,11/01/2020,PK,5,4797
284,11/01/2020,LK,3,990
285,11/01/2020,BD,0,1441
291,12/01/2020,LK,0,821
288,12/01/2020,NP,0,508
289,12/01/2020,PK,4,5258
290,12/01/2020,BD,1,737
294,13/01/2020,NP,0,493
295,13/01/2020,PK,4,5055
292,13/01/2020,BD,1,840
293,13/01/2020,LK,0,764
299,14/01/2020,NP,0,479
298,14/01/2020,PK,2,4670
296,14/01/2020,LK,0,836
297,14/01/2020,BD,1,738
300,15/01/2020,BD,0,762
301,15/01/2020,LK,0,895
302,15/01/2020,NP,1,518
303,15/01/2020,PK,5,4434
307,16/01/2020,LK,1,781
304,16/01/2020,NP,1,497
305,16/01/2020,PK,2,4731
306,16/01/2020,BD,1,806
308,17/01/2020,BD,2,750
309,17/01/2020,LK,0,849
310,17/01/2020,NP,0,569
311,17/01/2020,PK,4,4502
313,18/01/2020,BD,1,871
314,18/01/2020,LK,0,760
312,18/01/2020,NP,1,604
315,18/01/2020,PK,2,4735
319,19/01/2020,PK,2,4558
318,19/01/2020,NP,0,546
317,19/01/2020,LK,0,812
316,19/01/2020,BD,0,792
320,20/01/2020,BD,1,902
321,20/01/2020,LK,1,747
322,20/01/2020,NP,0,470
323,20/01/2020,PK,7,4239
326,21/01/2020,NP,0,488
327,21/01/2020,PK,3,4302
324,21/01/2020,BD,2,860
325,21/01/2020,LK,2,715
328,22/01/2020,BD,2,635
329,22/01/2020,LK,1,904
330,22/01/2020,NP,0,467
331,22/01/2020,PK,3,4087
335,23/01/2020,LK,1,704
332,23/01/2020,NP,0,519
333,23/01/2020,PK,5,4065
334,23/01/2020,BD,0,771
338,24/01/2020,NP,0,543
339,24/01/2020,PK,7,4293
336,24/01/2020,BD,0,731
337,24/01/2020,LK,1,780
340,25/01/2020,BD,1,778
341,25/01/2020,LK,3,880
342,25/01/2020,NP,0,583
343,25/01/2020,PK,8,5812
344,26/01/2020,BD,1,831
345,26/01/2020,LK,0,970
346,26/01/2020,NP,0,599
347,26/01/2020,PK,3,4610
351,27/01/2020,PK,5,4521
350,27/01/2020,NP,0,599
349,27/01/2020,LK,0,878
348,27/01/2020,BD,0,830
352,28/01/2020,BD,0,773
353,28/01/2020,LK,1,945
354,28/01/2020,NP,0,574
355,28/01/2020,PK,5,4847
359,29/01/2020,LK,1,840
356,29/01/2020,NP,0,498
357,29/01/2020,PK,3,4170
358,29/01/2020,BD,0,761
361,30/01/2020,BD,1,761
362,30/01/2020,LK,1,669
360,30/01/2020,NP,0,507
363,30/01/2020,PK,4,4316
367,31/01/2020,NP,0,466
366,31/01/2020,PK,6,4233
364,31/01/2020,LK,1,702
365,31/01/2020,BD,1,728
368,01/02/2020,BD,0,842
369,01/02/2020,LK,1,849
370,01/02/2020,NP,0,554
371,01/02/2020,PK,6,4621
374,02/02/2020,NP,0,573
375,02/02/2020,PK,6,4462
372,02/02/2020,BD,0,697
373,02/02/2020,LK,0,798
376,03/02/2020,BD,0,583
377,03/02/2020,LK,1,714
378,03/02/2020,NP,0,441
379,03/02/2020,PK,2,4331
383,04/02/2020,LK,0,900
380,04/02/2020,NP,0,460
381,04/02/2020,PK,3,4138
382,04/02/2020,BD,0,669
386,05/02/2020,NP,0,545
387,05/02/2020,PK,1,4218
384,05/02/2020,BD,0,667
385,05/02/2020,LK,1,689
388,06/02/2020,BD,1,633
389,06/02/2020,LK,1,730
390,06/02/2020,NP,1,526
391,06/02/2020,PK,8,3716
392,07/02/2020,BD,3,1029
393,07/02/2020,LK,1,672
394,07/02/2020,NP,0,502
395,07/02/2020,PK,3,3968
399,08/02/2020,PK,7,4153
398,08/02/2020,NP,1,994
397,08/02/2020,LK,3,832
396,08/02/2020,BD,0,736
400,09/02/2020,BD,2,1050
401,09/02/2020,LK,2,1040
402,09/02/2020,NP,0,505
403,09/02/2020,PK,4,4279
407,10/02/2020,LK,0,772
404,10/02/2020,NP,1,540
405,10/02/2020,PK,3,4206
406,10/02/2020,BD,0,739
410,11/02/2020,NP,0,547
411,11/02/2020,PK,8,4168
408,11/02/2020,BD,1,627
409,11/02/2020,LK,0,671
412,12/02/2020,BD,2,706
413,12/02/2020,LK,0,829
414,12/02/2020,NP,0,532
415,12/02/2020,PK,7,4507
416,13/02/2020,BD,0,658
417,13/02/2020,LK,0,777
418,13/02/2020,NP,0,494
419,13/02/2020,PK,4,4612
423,14/02/2020,NP,0,658
422,14/02/2020,PK,4,4380
420,14/02/2020,LK,0,751
421,14/02/2020,BD,1,721
424,15/02/2020,BD,0,760
425,15/02/2020,LK,1,774
426,15/02/2020,NP,0,589
427,15/02/2020,PK,7,4949
428,16/02/2020,BD,0,737
429,16/02/2020,LK,1,800
430,16/02/2020,NP,0,448
431,16/02/2020,PK,7,5062
435,17/02/2020,PK,2,4491
434,17/02/2020,NP,0,554
433,17/02/2020,LK,0,921
432,17/02/2020,BD,0,700
436,18/02/2020,BD,0,735
437,18/02/2020,LK,0,683
438,18/02/2020,NP,0,473
439,18/02/2020,PK,1,4440
443,19/02/2020,LK,0,699
440,19/02/2020,NP,0,535
441,19/02/2020,PK,1,4867
442,19/02/2020,BD,0,567
447,20/02/2020,PK,6,6001
446,20/02/2020,NP,2,518
445,20/02/2020,LK,0,729
444,20/02/2020,BD,0,801
451,21/02/2020,LK,2,736
448,21/02/2020,NP,1,582
449,21/02/2020,PK,10,4995
450,21/02/2020,BD,0,603
454,22/02/2020,NP,1,542
455,22/02/2020,PK,8,5479
452,22/02/2020,BD,0,727
453,22/02/2020,LK,0,760
459,23/02/2020,NP,1,450
458,23/02/2020,PK,7,6009
456,23/02/2020,LK,0,730
457,23/02/2020,BD,0,604
460,24/02/2020,BD,1,726
461,24/02/2020,LK,1,776
462,24/02/2020,NP,0,408
463,24/02/2020,PK,10,4872
464,25/02/2020,BD,0,802
465,25/02/2020,LK,0,668
466,25/02/2020,NP,1,501
467,25/02/2020,PK,4,4940
471,26/02/2020,NP,0,483
470,26/02/2020,PK,9,5572
468,26/02/2020,LK,0,791
469,26/02/2020,BD,0,760
475,27/02/2020,LK,0,706
472,27/02/2020,NP,0,444
473,27/02/2020,PK,5,5831
474,27/02/2020,BD,0,909
478,28/02/2020,NP,0,422
479,28/02/2020,PK,7,5665
476,28/02/2020,BD,0,928
477,28/02/2020,LK,0,651
483,29/02/2020,NP,2,456
482,29/02/2020,PK,6,5257
480,29/02/2020,LK,0,649
481,29/02/2020,BD,0,724
484,01/03/2020,BD,1,669
485,01/03/2020,LK,0,866
486,01/03/2020,NP,1,525
487,01/03/2020,PK,4,5567
489,02/03/2020,LK,0,715
488,02/03/2020,BD,0,664
490,02/03/2020,NP,1,442
491,02/03/2020,PK,3,4774
495,03/03/2020,NP,0,456
494,03/03/2020,PK,11,4611
492,03/03/2020,LK,0,802
493,03/03/2020,BD,1,588
496,04/03/2020,BD,0,562
497,04/03/2020,LK,0,743
498,04/03/2020,NP,1,503
499,04/03/2020,PK,53,5917
502,05/03/2020,PK,59,5697
503,05/03/2020,NP,0,512
501,05/03/2020,BD,0,591
500,05/03/2020,LK,2,714
504,06/03/2020,BD,1,628
505,06/03/2020,LK,0,625
506,06/03/2020,NP,1,504
507,06/03/2020,PK,27,5714
511,07/03/2020,LK,0,753
508,07/03/2020,NP,2,591
509,07/03/2020,PK,23,5757
510,07/03/2020,BD,0,666
515,08/03/2020,NP,1,611
514,08/03/2020,PK,24,6298
512,08/03/2020,LK,0,754
513,08/03/2020,BD,2,799
518,09/03/2020,BD,1,653
516,09/03/2020,LK,2,857
517,09/03/2020,NP,0,638
519,09/03/2020,PK,12,4728
523,10/03/2020,PK,7,5672
522,10/03/2020,NP,1,561
521,10/03/2020,LK,0,805
520,10/03/2020,BD,1,720
524,11/03/2020,BD,0,791
525,11/03/2020,LK,1,757
526,11/03/2020,NP,1,592
527,11/03/2020,PK,5,5412
530,12/03/2020,NP,3,533
531,12/03/2020,PK,7,5192
528,12/03/2020,BD,0,616
529,12/03/2020,LK,0,855
532,13/03/2020,BD,0,642
533,13/03/2020,LK,0,964
534,13/03/2020,NP,1,638
535,13/03/2020,PK,5,5827
539,14/03/2020,LK,1,984
536,14/03/2020,NP,1,610
537,14/03/2020,PK,4,5464
538,14/03/2020,BD,1,765
542,15/03/2020,NP,0,602
543,15/03/2020,PK,2,5857
540,15/03/2020,BD,0,724
541,15/03/2020,LK,0,1137
546,16/03/2020,NP,1,471
547,16/03/2020,PK,5,5663
544,16/03/2020,BD,0,675
545,16/03/2020,LK,0,1230
551,17/03/2020,NP,1,598
550,17/03/2020,PK,3,6412
548,17/03/2020,LK,0,1017
549,17/03/2020,BD,1,618
552,18/03/2020,BD,0,529
553,18/03/2020,LK,0,885
554,18/03/2020,NP,0,548
555,18/03/2020,PK,5,5690
556,19/03/2020,BD,0,790
557,19/03/2020,LK,0,876
558,19/03/2020,NP,0,484
559,19/03/2020,PK,3,5571
563,20/03/2020,NP,1,564
562,20/03/2020,PK,1,6461
560,20/03/2020,LK,1,1047
561,20/03/2020,BD,1,618
564,21/03/2020,BD,0,570
565,21/03/2020,LK,2,956
566,21/03/2020,NP,0,561
567,21/03/2020,PK,2,7484
568,22/03/2020,BD,0,537
569,22/03/2020,LK,0,984
570,22/03/2020,NP,0,635
571,22/03/2020,PK,3,7790
575,23/03/2020,NP,0,699
574,23/03/2020,PK,4,8360
572,23/03/2020,LK,0,955
573,23/03/2020,BD,0,730
576,24/03/2020,BD,0,754
577,24/03/2020,LK,0,1204
578,24/03/2020,NP,0,836
579,24/03/2020,PK,3,7847
583,25/03/2020,LK,2,985
580,25/03/2020,NP,0,716
581,25/03/2020,PK,1,7973
582,25/03/2020,BD,0,600
587,26/03/2020,NP,1,778
586,26/03/2020,PK,2,7655
584,26/03/2020,LK,0,1006
585,26/03/2020,BD,0,745
590,27/03/2020,BD,1,717
588,27/03/2020,LK,0,1052
589,27/03/2020,NP,1,746
591,27/03/2020,PK,2,7933
595,28/03/2020,PK,4,7351
594,28/03/2020,NP,2,824
593,28/03/2020,LK,0,1166
592,28/03/2020,BD,0,680
596,29/03/2020,BD,0,658
597,29/03/2020,LK,2,1097
598,29/03/2020,NP,0,747
599,29/03/2020,PK,5,7488
602,30/03/2020,NP,1,835
603,30/03/2020,PK,4,7431
600,30/03/2020,BD,1,719
601,30/03/2020,LK,0,936
604,31/03/2020,BD,0,617
605,31/03/2020,LK,4,1091
606,31/03/2020,NP,1,795
607,31/03/2020,PK,2,6825
611,01/04/2020,LK,2,989
608,01/04/2020,NP,1,764
609,01/04/2020,PK,4,7257
610,01/04/2020,BD,0,662
614,02/04/2020,NP,1,670
615,02/04/2020,PK,0,6298
612,02/04/2020,BD,0,697
613,02/04/2020,LK,0,975
616,03/04/2020,BD,4,726
617,03/04/2020,LK,0,1056
618,03/04/2020,NP,1,675
619,03/04/2020,PK,1,7670
620,04/04/2020,BD,2,804
621,04/04/2020,LK,0,1271
622,04/04/2020,NP,0,690
623,04/04/2020,PK,1,6705
627,05/04/2020,NP,2,703
626,05/04/2020,PK,1,6593
624,05/04/2020,LK,1,1101
625,05/04/2020,BD,0,773
628,06/04/2020,BD,0,750
629,06/04/2020,LK,1,895
630,06/04/2020,NP,0,797
631,06/04/2020,PK,2,6523
634,07/04/2020,BD,0,843
632,07/04/2020,LK,0,1099
633,07/04/2020,NP,0,653
635,07/04/2020,PK,2,6782
639,08/04/2020,PK,2,6628
638,08/04/2020,NP,0,748
637,08/04/2020,LK,0,815
636,08/04/2020,BD,0,912
640,09/04/2020,BD,0,599
641,09/04/2020,LK,3,739
642,09/04/2020,NP,0,614
643,09/04/2020,PK,2,5705
644,10/04/2020,BD,1,653
645,10/04/2020,LK,0,890
646,10/04/2020,NP,0,753
647,10/04/2020,PK,4,6307
651,11/04/2020,NP,0,685
650,11/04/2020,PK,4,6773
648,11/04/2020,LK,0,884
649,11/04/2020,BD,1,683
652,12/04/2020,BD,1,843
653,12/04/2020,LK,0,1003
654,12/04/2020,NP,0,859
655,12/04/2020,PK,6,7280
656,13/04/2020,BD,1,733
657,13/04/2020,LK,0,1191
658,13/04/2020,NP,0,1000
659,13/04/2020,PK,4,7048
663,14/04/2020,NP,0,635
662,14/04/2020,PK,3,6392
660,14/04/2020,LK,0,753
661,14/04/2020,BD,1,608
664,15/04/2020,BD,1,713
665,15/04/2020,LK,0,790
666,15/04/2020,NP,0,674
667,15/04/2020,PK,3,6520
671,16/04/2020,LK,0,986
668,16/04/2020,NP,1,697
669,16/04/2020,PK,3,6710
670,16/04/2020,BD,0,758
675,17/04/2020,NP,0,778
674,17/04/2020,PK,1,6511
672,17/04/2020,LK,2,826
673,17/04/2020,BD,0,646
678,18/04/2020,BD,0,743
676,18/04/2020,LK,0,993
677,18/04/2020,NP,0,748
679,18/04/2020,PK,14,6456
683,19/04/2020,PK,5,6806
682,19/04/2020,NP,2,718
681,19/04/2020,LK,0,959
680,19/04/2020,BD,0,686
684,20/04/2020,BD,0,667
685,20/04/2020,LK,0,866
686,20/04/2020,NP,0,768
687,20/04/2020,PK,2,6368
690,21/04/2020,NP,1,749
691,21/04/2020,PK,5,6461
688,21/04/2020,BD,0,687
689,21/04/2020,LK,0,989
692,22/04/2020,BD,0,828
693,22/04/2020,LK,1,853
694,22/04/2020,NP,0,751
695,22/04/2020,PK,4,6913
699,23/04/2020,LK,0,844
696,23/04/2020,NP,0,704
697,23/04/2020,PK,8,6758
698,23/04/2020,BD,0,897
702,24/04/2020,NP,0,695
703,24/04/2020,PK,4,6705
700,24/04/2020,BD,0,829
701,24/04/2020,LK,0,878
704,25/04/2020,BD,2,702
705,25/04/2020,LK,0,1005
706,25/04/2020,NP,0,691
707,25/04/2020,PK,8,6551
708,26/04/2020,BD,0,702
709,26/04/2020,LK,0,917
710,26/04/2020,NP,1,751
711,26/04/2020,PK,10,6496
715,27/04/2020,PK,2,6015
714,27/04/2020,NP,0,619
713,27/04/2020,LK,1,801
712,27/04/2020,BD,0,817
716,28/04/2020,BD,0,732
717,28/04/2020,LK,2,904
718,28/04/2020,NP,1,638
719,28/04/2020,PK,1,6214
723,29/04/2020,LK,0,937
720,29/04/2020,NP,1,858
721,29/04/2020,PK,1,7303
722,29/04/2020,BD,0,930
725,30/04/2020,BD,1,867
726,30/04/2020,LK,0,910
724,30/04/2020,NP,0,976
727,30/04/2020,PK,4,7290
731,01/05/2020,PK,2,7144
730,01/05/2020,NP,0,842
729,01/05/2020,LK,0,998
728,01/05/2020,BD,0,755
732,02/05/2020,BD,0,1033
733,02/05/2020,LK,2,1021
734,02/05/2020,NP,1,770
735,02/05/2020,PK,9,6976
736,03/05/2020,BD,1,890
737,03/05/2020,LK,1,890
738,03/05/2020,NP,0,731
739,03/05/2020,PK,3,6973
743,04/05/2020,NP,1,716
742,04/05/2020,PK,7,6926
740,04/05/2020,LK,0,1026
741,04/05/2020,BD,0,701
744,05/05/2020,BD,2,646
745,05/05/2020,LK,0,847
746,05/05/2020,NP,0,690
747,05/05/2020,PK,3,6499
748,06/05/2020,BD,3,780
749,06/05/2020,LK,1,938
750,06/05/2020,NP,0,800
751,06/05/2020,PK,6,6677
755,07/05/2020,NP,0,718
754,07/05/2020,PK,4,7142
752,07/05/2020,LK,0,955
753,07/05/2020,BD,0,666
756,08/05/2020,BD,2,693
757,08/05/2020,LK,0,1012
758,08/05/2020,NP,0,728
759,08/05/2020,PK,2,6812
763,09/05/2020,LK,1,1109
760,09/05/2020,NP,1,771
761,09/05/2020,PK,4,6654
762,09/05/2020,BD,0,781
767,10/05/2020,NP,1,901
766,10/05/2020,PK,3,7049
764,10/05/2020,LK,0,1096
765,10/05/2020,BD,3,788
770,11/05/2020,BD,0,614
768,11/05/2020,LK,0,840
769,11/05/2020,NP,2,712
771,11/05/2020,PK,0,6330
775,12/05/2020,PK,5,6128
774,12/05/2020,NP,1,895
773,12/05/2020,LK,0,765
772,12/05/2020,BD,0,596
776,13/05/2020,BD,0,582
777,13/05/2020,LK,2,806
778,13/05/2020,NP,0,662
779,13/05/2020,PK,4,6067
782,14/05/2020,NP,0,744
783,14/05/2020,PK,2,5911
780,14/05/2020,BD,0,580
781,14/05/2020,LK,1,1066
784,15/05/2020,BD,0,667
785,15/05/2020,LK,0,942
786,15/05/2020,NP,0,787
787,15/05/2020,PK,3,6898
791,16/05/2020,LK,1,823
788,16/05/2020,NP,2,889
789,16/05/2020,PK,4,6962
790,16/05/2020,BD,1,695
794,17/05/2020,NP,0,950
795,17/05/2020,PK,5,5652
792,17/05/2020,BD,2,619
793,17/05/2020,LK,1,961
796,18/05/2020,BD,1,762
797,18/05/2020,LK,0,847
798,18/05/2020,NP,0,896
799,18/05/2020,PK,4,6433
800,19/05/2020,BD,1,686
801,19/05/2020,LK,1,874
802,19/05/2020,NP,3,750
803,19/05/2020,PK,9,6162
807,20/05/2020,PK,0,5974
806,20/05/2020,NP,1,1161
805,20/05/2020,LK,2,906
804,20/05/2020,BD,0,585
808,21/05/2020,BD,0,450
809,21/05/2020,LK,3,773
810,21/05/2020,NP,1,1164
811,21/05/2020,PK,7,5221
815,22/05/2020,LK,1,879
812,22/05/2020,NP,0,1138
813,22/05/2020,PK,4,7854
814,22/05/2020,BD,1,728
818,23/05/2020,NP,0,930
819,23/05/2020,PK,0,7270
816,23/05/2020,BD,2,555
817,23/05/2020,LK,0,975
820,24/05/2020,BD,0,751
821,24/05/2020,LK,0,951
822,24/05/2020,NP,2,974
823,24/05/2020,PK,1,6537
826,25/05/2020,NP,1,889
827,25/05/2020,PK,1,6159
824,25/05/2020,BD,0,803
825,25/05/2020,LK,1,817
828,26/05/2020,BD,0,732
829,26/05/2020,LK,0,814
830,26/05/2020,NP,2,807
831,26/05/2020,PK,8,6373
835,27/05/2020,LK,0,750
832,27/05/2020,NP,1,885
833,27/05/2020,PK,16,6999
834,27/05/2020,BD,0,678
838,28/05/2020,NP,0,752
839,28/05/2020,PK,7,6429
836,28/05/2020,BD,0,647
837,28/05/2020,LK,0,907
840,29/05/2020,BD,0,641
841,29/05/2020,LK,0,720
842,29/05/2020,NP,0,769
843,29/05/2020,PK,8,6853
844,30/05/2020,BD,2,706
845,30/05/2020,LK,0,851
846,30/05/2020,NP,1,818
847,30/05/2020,PK,6,6928
851,31/05/2020,PK,4,8582
850,31/05/2020,NP,0,811
849,31/05/2020,LK,1,890
848,31/05/2020,BD,0,593
852,01/06/2020,BD,1,661
853,01/06/2020,LK,0,747
854,01/06/2020,NP,0,747
855,01/06/2020,PK,3,6532
859,02/06/2020,LK,0,730
856,02/06/2020,NP,0,741
857,02/06/2020,PK,4,6523
858,02/06/2020,BD,1,607
862,03/06/2020,NP,0,760
863,03/06/2020,PK,3,7243
860,03/06/2020,BD,0,620
861,03/06/2020,LK,3,638
864,04/06/2020,BD,0,583
865,04/06/2020,LK,0,956
866,04/06/2020,NP,1,778
867,04/06/2020,PK,3,7389
868,05/06/2020,BD,0,700
869,05/06/2020,LK,3,1030
870,05/06/2020,NP,2,825
871,05/06/2020,PK,4,7430
875,06/06/2020,NP,4,715
874,06/06/2020,PK,9,7764
872,06/06/2020,LK,0,827
873,06/06/2020,BD,1,631
876,07/06/2020,BD,0,615
877,07/06/2020,LK,0,884
878,07/06/2020,NP,0,681
879,07/06/2020,PK,4,7230
880,08/06/2020,BD,0,649
881,08/06/2020,LK,1,943
882,08/06/2020,NP,0,660
883,08/06/2020,PK,4,6907
887,09/06/2020,PK,2,6445
886,09/06/2020,NP,1,720
885,09/06/2020,LK,0,858
884,09/06/2020,BD,1,645
888,10/06/2020,BD,2,625
889,10/06/2020,LK,3,790
890,10/06/2020,NP,0,812
891,10/06/2020,PK,5,6294
895,11/06/2020,LK,1,734
892,11/06/2020,NP,0,747
893,11/06/2020,PK,1,6261
894,11/06/2020,BD,0,646
899,12/06/2020,PK,4,6906
898,12/06/2020,NP,0,857
897,12/06/2020,LK,0,790
896,12/06/2020,BD,0,683
903,13/06/2020,LK,0,748
900,13/06/2020,NP,0,1088
901,13/06/2020,PK,4,6803
902,13/06/2020,BD,0,800
906,14/06/2020,NP,0,1052
907,14/06/2020,PK,4,8308
904,14/06/2020,BD,0,913
905,14/06/2020,LK,1,803
910,15/06/2020,NP,0,885
911,15/06/2020,PK,5,6417
908,15/06/2020,BD,0,685
909,15/06/2020,LK,1,651
912,16/06/2020,BD,1,747
913,16/06/2020,LK,1,752
914,16/06/2020,NP,1,939
915,16/06/2020,PK,3,6648
916,17/06/2020,BD,0,674
917,17/06/2020,LK,0,731
918,17/06/2020,NP,2,878
919,17/06/2020,PK,8,7060
923,18/06/2020,NP,1,933
922,18/06/2020,PK,4,7051
920,18/06/2020,LK,0,937
921,18/06/2020,BD,0,760
924,19/06/2020,BD,0,660
925,19/06/2020,LK,0,765
926,19/06/2020,NP,0,904
927,19/06/2020,PK,3,6640
928,20/06/2020,BD,0,816
929,20/06/2020,LK,1,656
930,20/06/2020,NP,3,818
931,20/06/2020,PK,7,6742
935,21/06/2020,NP,1,937
934,21/06/2020,PK,6,7820
932,21/06/2020,LK,0,732
933,21/06/2020,BD,0,799
936,22/06/2020,BD,2,643
937,22/06/2020,LK,0,790
938,22/06/2020,NP,0,667
939,22/06/2020,PK,3,5505
943,23/06/2020,LK,0,650
940,23/06/2020,NP,4,812
941,23/06/2020,PK,0,6362
942,23/06/2020,BD,1,726
944,24/06/2020,BD,0,619
945,24/06/2020,LK,0,655
946,24/06/2020,NP,1,850
947,24/06/2020,PK,3,5455
950,25/06/2020,NP,2,868
951,25/06/2020,PK,4,6016
948,25/06/2020,BD,0,690
949,25/06/2020,LK,1,708
954,26/06/2020,NP,0,806
955,26/06/2020,PK,5,6035
952,26/06/2020,BD,0,658
953,26/06/2020,LK,1,616
959,27/06/2020,NP,0,776
958,27/06/2020,PK,5,5810
956,27/06/2020,LK,0,676
957,27/06/2020,BD,0,595
960,28/06/2020,BD,0,713
961,28/06/2020,LK,2,729
962,28/06/2020,NP,0,807
963,28/06/2020,PK,2,6592
964,29/06/2020,BD,0,657
965,29/06/2020,LK,1,697
966,29/06/2020,NP,0,648
967,29/06/2020,PK,0,6256
970,30/06/2020,NP,0,756
971,30/06/2020,PK,0,6022
968,30/06/2020,BD,0,569
969,30/06/2020,LK,1,694
972,01/07/2020,BD,1,747
973,01/07/2020,LK,0,594
974,01/07/2020,NP,0,769
975,01/07/2020,PK,3,6648
979,02/07/2020,PK,8,6173
978,02/07/2020,NP,2,706
977,02/07/2020,LK,0,797
976,02/07/2020,BD,0,656
983,03/07/2020,NP,0,734
982,03/07/2020,PK,5,6102
980,03/07/2020,LK,1,744
981,03/07/2020,BD,0,633
984,04/07/2020,BD,0,662
985,04/07/2020,LK,0,718
986,04/07/2020,NP,0,768
987,04/07/2020,PK,3,5937
991,05/07/2020,LK,0,633
988,05/07/2020,NP,0,733
989,05/07/2020,PK,2,7399
990,05/07/2020,BD,0,693
995,06/07/2020,NP,0,767
994,06/07/2020,PK,8,6105
992,06/07/2020,LK,0,640
993,06/07/2020,BD,1,710
998,07/07/2020,BD,0,627
996,07/07/2020,LK,0,473
997,07/07/2020,NP,0,778
999,07/07/2020,PK,5,4907
1002,08/07/2020,PK,2,5741
1003,08/07/2020,NP,0,696
1001,08/07/2020,BD,0,780
1000,08/07/2020,LK,0,757
1004,09/07/2020,BD,2,531
1005,09/07/2020,LK,0,624
1006,09/07/2020,NP,0,767
1007,09/07/2020,PK,2,4672
1011,10/07/2020,LK,0,633
1008,10/07/2020,NP,0,941
1009,10/07/2020,PK,2,5487
1010,10/07/2020,BD,0,667
1015,11/07/2020,NP,1,1026
1014,11/07/2020,PK,2,5989
1012,11/07/2020,LK,0,756
1013,11/07/2020,BD,1,761
1019,12/07/2020,LK,0,741
1016,12/07/2020,NP,0,958
1017,12/07/2020,PK,4,6428
1018,12/07/2020,BD,2,806
1022,13/07/2020,NP,3,833
1023,13/07/2020,PK,2,5638
1020,13/07/2020,BD,0,733
1021,13/07/2020,LK,0,647
1027,14/07/2020,NP,2,753
1026,14/07/2020,PK,3,5245
1024,14/07/2020,LK,2,603
1025,14/07/2020,BD,1,594
1028,15/07/2020,BD,1,676
1029,15/07/2020,LK,0,660
1030,15/07/2020,NP,1,789
1031,15/07/2020,PK,2,5991
1035,16/07/2020,LK,0,696
1032,16/07/2020,NP,1,912
1033,16/07/2020,PK,0,5617
1034,16/07/2020,BD,3,817
1036,17/07/2020,BD,1,702
1037,17/07/2020,LK,1,632
1038,17/07/2020,NP,1,757
1039,17/07/2020,PK,3,5878
1041,18/07/2020,BD,0,678
1042,18/07/2020,LK,1,666
1040,18/07/2020,NP,1,891
1043,18/07/2020,PK,1,6490
1047,19/07/2020,PK,4,5997
1046,19/07/2020,NP,0,808
1045,19/07/2020,LK,0,618
1044,19/07/2020,BD,1,711
1048,20/07/2020,BD,1,714
1049,20/07/2020,LK,0,616
1050,20/07/2020,NP,2,800
1051,20/07/2020,PK,4,5757
1054,21/07/2020,NP,0,635
1055,21/07/2020,PK,1,5563
1052,21/07/2020,BD,1,731
1053,21/07/2020,LK,1,655
1056,22/07/2020,BD,0,742
1057,22/07/2020,LK,0,620
1058,22/07/2020,NP,1,643
1059,22/07/2020,PK,2,5789
1063,23/07/2020,LK,0,584
1060,23/07/2020,NP,0,695
1061,23/07/2020,PK,2,4944
1062,23/07/2020,BD,0,727
1066,24/07/2020,NP,0,571
1067,24/07/2020,PK,2,4945
1064,24/07/2020,BD,0,870
1065,24/07/2020,LK,1,580
1068,25/07/2020,BD,0,1108
1069,25/07/2020,LK,0,665
1070,25/07/2020,NP,1,30518
1071,25/07/2020,PK,5,5962
1072,26/07/2020,BD,3,915
1073,26/07/2020,LK,0,759
1074,26/07/2020,NP,1,699
1075,26/07/2020,PK,2,6312
1079,27/07/2020,PK,9,5869
1078,27/07/2020,NP,0,570
1077,27/07/2020,LK,0,658
1076,27/07/2020,BD,3,877
1080,28/07/2020,BD,3,885
1081,28/07/2020,LK,0,608
1082,28/07/2020,NP,2,734
1083,28/07/2020,PK,10,5730
1087,29/07/2020,LK,1,659
1084,29/07/2020,NP,1,657
1085,29/07/2020,PK,3,5475
1086,29/07/2020,BD,0,748
1090,30/07/2020,NP,3,736
1091,30/07/2020,PK,3,4946
1088,30/07/2020,BD,1,683
1089,30/07/2020,LK,0,637
1094,31/07/2020,NP,0,741
1095,31/07/2020,PK,4,5116
1092,31/07/2020,BD,1,596
1093,31/07/2020,LK,0,574
1096,01/08/2020,BD,1,600
1097,01/08/2020,LK,1,737
1098,01/08/2020,NP,4,928
1099,01/08/2020,PK,0,4890
1100,02/08/2020,BD,0,601
1101,02/08/2020,LK,1,582
1102,02/08/2020,NP,1,749
1103,02/08/2020,PK,3,4506
1107,03/08/2020,NP,0,567
1106,03/08/2020,PK,1,4651
1104,03/08/2020,LK,0,609
1105,03/08/2020,BD,0,466
1108,04/08/2020,BD,0,534
1109,04/08/2020,LK,3,574
1110,04/08/2020,NP,0,575
1111,04/08/2020,PK,3,5531
1112,05/08/2020,BD,0,604
1113,05/08/2020,LK,0,856
1114,05/08/2020,NP,0,770
1115,05/08/2020,PK,2,6119
1119,06/08/2020,NP,0,758
1118,06/08/2020,PK,3,5681
1116,06/08/2020,LK,0,1040
1117,06/08/2020,BD,1,714
1120,07/08/2020,BD,1,815
1121,07/08/2020,LK,1,844
1122,07/08/2020,NP,1,836
1123,07/08/2020,PK,6,6020
1127,08/08/2020,LK,0,758
1124,08/08/2020,NP,3,1013
1125,08/08/2020,PK,3,6513
1126,08/08/2020,BD,4,710
1128,09/08/2020,BD,3,698
1129,09/08/2020,LK,0,724
1130,09/08/2020,NP,1,961
1131,09/08/2020,PK,3,6180
1134,10/08/2020,NP,1,962
1135,10/08/2020,PK,2,5544
1132,10/08/2020,BD,4,720
1133,10/08/2020,LK,0,622
1138,11/08/2020,NP,1,894
1139,11/08/2020,PK,7,5673
1136,11/08/2020,BD,0,647
1137,11/08/2020,LK,1,661
1143,12/08/2020,NP,2,754
1142,12/08/2020,PK,5,4988
1140,12/08/2020,LK,0,741
1141,12/08/2020,BD,2,614
1144,13/08/2020,BD,0,612
1145,13/08/2020,LK,6,745
1146,13/08/2020,NP,1,844
1147,13/08/2020,PK,7,6735
1148,14/08/2020,BD,0,719
1149,14/08/2020,LK,0,644
1150,14/08/2020,NP,0,946
1151,14/08/2020,PK,2,7447
1154,15/08/2020,NP,0,921
1155,15/08/2020,PK,3,5940
1152,15/08/2020,BD,0,831
1153,15/08/2020,LK,0,689
1156,16/08/2020,BD,1,565
1157,16/08/2020,LK,1,840
1158,16/08/2020,NP,0,922
1159,16/08/2020,PK,2,5305
1163,17/08/2020,PK,4,5008
1162,17/08/2020,NP,3,685
1161,17/08/2020,LK,0,973
1160,17/08/2020,BD,1,511
1167,18/08/2020,NP,0,910
1166,18/08/2020,PK,8,5158
1164,18/08/2020,LK,0,839
1165,18/08/2020,BD,0,592
1168,19/08/2020,BD,1,520
1169,19/08/2020,LK,1,759
1170,19/08/2020,NP,0,790
1171,19/08/2020,PK,4,4268
1175,20/08/2020,LK,0,807
1172,20/08/2020,NP,0,853
1173,20/08/2020,PK,2,5201
1174,20/08/2020,BD,0,568
1179,21/08/2020,NP,0,923
1178,21/08/2020,PK,8,5097
1176,21/08/2020,LK,0,723
1177,21/08/2020,BD,0,745
1182,22/08/2020,BD,0,655
1180,22/08/2020,LK,0,787
1181,22/08/2020,NP,1,831
1183,22/08/2020,PK,6,5186
1186,23/08/2020,PK,2,5289
1187,23/08/2020,NP,0,973
1185,23/08/2020,BD,0,571
1184,23/08/2020,LK,1,828
1188,24/08/2020,BD,0,541
1189,24/08/2020,LK,0,647
1190,24/08/2020,NP,0,724
1191,24/08/2020,PK,4,4307
1192,25/08/2020,BD,1,686
1193,25/08/2020,LK,1,743
1194,25/08/2020,NP,1,858
1195,25/08/2020,PK,1,5020
1199,26/08/2020,PK,5,4811
1198,26/08/2020,NP,0,792
1197,26/08/2020,LK,0,737
1196,26/08/2020,BD,2,614
1200,27/08/2020,BD,1,691
1201,27/08/2020,LK,0,783
1202,27/08/2020,NP,2,796
1203,27/08/2020,PK,3,6001
1204,28/08/2020,BD,0,643
1205,28/08/2020,LK,0,827
1206,28/08/2020,NP,0,835
1207,28/08/2020,PK,5,5405
1211,29/08/2020,NP,1,957
1210,29/08/2020,PK,0,5784
1208,29/08/2020,LK,0,857
1209,29/08/2020,BD,1,658
1212,30/08/2020,BD,1,620
1213,30/08/2020,LK,3,845
1214,30/08/2020,NP,2,874
1215,30/08/2020,PK,3,6072
1218,31/08/2020,NP,1,913
1219,31/08/2020,PK,4,6005
1216,31/08/2020,BD,0,876
1217,31/08/2020,LK,3,805
1220,01/09/2020,BD,1,785
1221,01/09/2020,LK,0,770
1222,01/09/2020,NP,1,874
1223,01/09/2020,PK,7,5830
1227,02/09/2020,LK,1,712
1224,02/09/2020,NP,1,805
1225,02/09/2020,PK,4,5649
1226,02/09/2020,BD,2,716
1230,03/09/2020,NP,1,987
1231,03/09/2020,PK,6,5268
1228,03/09/2020,BD,1,706
1229,03/09/2020,LK,0,768
1235,04/09/2020,NP,1,920
1234,04/09/2020,PK,1,4934
1232,04/09/2020,LK,1,799
1233,04/09/2020,BD,0,623
1236,05/09/2020,BD,0,673
1237,05/09/2020,LK,0,848
1238,05/09/2020,NP,0,734
1239,05/09/2020,PK,4,5843
1243,06/09/2020,LK,0,1025
1240,06/09/2020,NP,0,833
1241,06/09/2020,PK,7,5857
1242,06/09/2020,BD,1,674
1247,07/09/2020,NP,2,904
1246,07/09/2020,PK,4,4906
1244,07/09/2020,LK,1,986
1245,07/09/2020,BD,4,869
1250,08/09/2020,BD,3,944
1248,08/09/2020,LK,2,849
1249,08/09/2020,NP,0,898
1251,08/09/2020,PK,6,4600
1255,09/09/2020,PK,2,5139
1254,09/09/2020,NP,1,1029
1253,09/09/2020,LK,1,825
1252,09/09/2020,BD,3,962
1256,10/09/2020,BD,0,872
1257,10/09/2020,LK,0,654
1258,10/09/2020,NP,0,847
1259,10/09/2020,PK,13,6196
1262,11/09/2020,NP,1,890
1263,11/09/2020,PK,8,5604
1260,11/09/2020,BD,2,946
1261,11/09/2020,LK,0,679
1264,12/09/2020,BD,1,904
1265,12/09/2020,LK,0,826
1266,12/09/2020,NP,0,878
1267,12/09/2020,PK,5,5262
1271,13/09/2020,LK,0,857
1268,13/09/2020,NP,1,765
1269,13/09/2020,PK,4,5155
1270,13/09/2020,BD,1,760
1273,14/09/2020,BD,2,688
1274,14/09/2020,LK,0,687
1272,14/09/2020,NP,0,727
1275,14/09/2020,PK,5,4409
1279,15/09/2020,NP,0,762
1278,15/09/2020,PK,2,4573
1276,15/09/2020,LK,0,728
1277,15/09/2020,BD,2,616
1280,16/09/2020,BD,2,599
1281,16/09/2020,LK,0,622
1282,16/09/2020,NP,1,768
1283,16/09/2020,PK,4,4606
1284,17/09/2020,BD,1,641
1285,17/09/2020,LK,0,639
1286,17/09/2020,NP,0,643
1287,17/09/2020,PK,0,4516
1291,18/09/2020,PK,8,4263
1290,18/09/2020,NP,0,715
1289,18/09/2020,LK,3,713
1288,18/09/2020,BD,4,585
1292,19/09/2020,BD,0,637
1293,19/09/2020,LK,1,751
1294,19/09/2020,NP,1,870
1295,19/09/2020,PK,4,5783
1296,20/09/2020,BD,1,578
1297,20/09/2020,LK,3,803
1298,20/09/2020,NP,0,779
1299,20/09/2020,PK,4,5997
1303,21/09/2020,NP,0,749
1302,21/09/2020,PK,1,4842
1300,21/09/2020,LK,1,588
1301,21/09/2020,BD,0,631
1304,22/09/2020,BD,2,555
1305,22/09/2020,LK,0,676
1306,22/09/2020,NP,0,753
1307,22/09/2020,PK,0,4628
1308,23/09/2020,BD,3,603
1309,23/09/2020,LK,0,737
1310,23/09/2020,NP,0,745
1311,23/09/2020,PK,2,5242
1313,24/09/2020,NP,1,607
1315,24/09/2020,BD,1,558
1312,24/09/2020,PK,6,4432
1314,24/09/2020,LK,0,564
1316,25/09/2020,BD,0,453
1317,25/09/2020,LK,0,630
1318,25/09/2020,NP,0,553
1319,25/09/2020,PK,5,3945
1322,26/09/2020,BD,1,620
1320,26/09/2020,LK,0,525
1321,26/09/2020,NP,0,622
1323,26/09/2020,PK,1,4060
1327,27/09/2020,NP,0,673
1326,27/09/2020,PK,6,4774
1324,27/09/2020,LK,2,679
1325,27/09/2020,BD,1,614
1328,28/09/2020,BD,6,590
1329,28/09/2020,LK,1,570
1330,28/09/2020,NP,1,618
1331,28/09/2020,PK,3,4088
1332,29/09/2020,BD,1,638
1333,29/09/2020,LK,2,569
1334,29/09/2020,NP,1,503
1335,29/09/2020,PK,2,4106
1338,30/09/2020,NP,0,404
1339,30/09/2020,PK,4,3798
1336,30/09/2020,BD,3,553
1337,30/09/2020,LK,0,595
1340,01/10/2020,BD,1,225
1341,01/10/2020,LK,0,219
1342,01/10/2020,NP,0,164
1343,01/10/2020,PK,0,1769
1347,02/10/2020,PK,10,3732
1346,02/10/2020,NP,0,434
1345,02/10/2020,LK,0,666
1344,02/10/2020,BD,0,493
1351,03/10/2020,NP,0,535
1350,03/10/2020,PK,4,4092
1348,03/10/2020,LK,0,632
1349,03/10/2020,BD,0,518
1352,04/10/2020,BD,0,531
1353,04/10/2020,LK,0,812
1354,04/10/2020,NP,0,554
1355,04/10/2020,PK,2,4496
1356,05/10/2020,BD,2,602
1357,05/10/2020,LK,0,749
1358,05/10/2020,NP,1,453
1359,05/10/2020,PK,3,4310
1363,06/10/2020,LK,0,706
1360,06/10/2020,NP,0,382
1361,06/10/2020,PK,10,3365
1362,06/10/2020,BD,3,485
1366,07/10/2020,NP,1,436
1367,07/10/2020,PK,5,3196
1364,07/10/2020,BD,4,433
1365,07/10/2020,LK,0,650
1371,08/10/2020,PK,1,3815
1370,08/10/2020,NP,2,620
1369,08/10/2020,LK,1,569
1368,08/10/2020,BD,3,528
1372,09/10/2020,BD,4,498
1373,09/10/2020,LK,1,838
1374,09/10/2020,NP,1,538
1375,09/10/2020,PK,2,4655
1376,10/10/2020,BD,1,646
1377,10/10/2020,LK,0,842
1378,10/10/2020,NP,1,593
1379,10/10/2020,PK,3,4840
1383,11/10/2020,NP,0,574
1382,11/10/2020,PK,4,5218
1380,11/10/2020,LK,3,968
1381,11/10/2020,BD,3,586
1384,12/10/2020,BD,3,646
1385,12/10/2020,LK,2,628
1386,12/10/2020,NP,0,606
1387,12/10/2020,PK,1,4263
1388,13/10/2020,BD,4,605
1389,13/10/2020,LK,0,797
1390,13/10/2020,NP,1,610
1391,13/10/2020,PK,3,4740
1395,14/10/2020,NP,1,551
1394,14/10/2020,PK,0,3987
1392,14/10/2020,LK,3,744
1393,14/10/2020,BD,0,531
1396,15/10/2020,BD,1,605
1397,15/10/2020,LK,1,842
1398,15/10/2020,NP,0,469
1399,15/10/2020,PK,1,4084
1400,16/10/2020,BD,4,521
1401,16/10/2020,LK,1,730
1402,16/10/2020,NP,0,457
1403,16/10/2020,PK,4,4894
1404,17/10/2020,BD,4,547
1405,17/10/2020,LK,0,680
1406,17/10/2020,NP,0,700
1407,17/10/2020,PK,2,5151
1410,18/10/2020,NP,1,568
1411,18/10/2020,PK,2,5406
1408,18/10/2020,BD,0,525
1409,18/10/2020,LK,0,762
1415,19/10/2020,PK,3,4579
1414,19/10/2020,NP,0,531
1413,19/10/2020,LK,2,594
1412,19/10/2020,BD,0,576
1416,20/10/2020,BD,0,596
1417,20/10/2020,LK,0,610
1418,20/10/2020,NP,1,501
1419,20/10/2020,PK,3,4388
1420,21/10/2020,BD,1,568
1421,21/10/2020,LK,0,553
1422,21/10/2020,NP,0,466
1423,21/10/2020,PK,1,3877
1427,22/10/2020,NP,0,513
1426,22/10/2020,PK,3,4402
1424,22/10/2020,LK,0,662
1425,22/10/2020,BD,0,600
1428,23/10/2020,BD,1,669
1429,23/10/2020,LK,0,717
1430,23/10/2020,NP,1,588
1431,23/10/2020,PK,2,4696
1434,24/10/2020,PK,1,5040
1435,24/10/2020,NP,2,689
1433,24/10/2020,BD,0,727
1432,24/10/2020,LK,0,765
1436,25/10/2020,BD,2,686
1437,25/10/2020,LK,0,966
1438,25/10/2020,NP,0,502
1439,25/10/2020,PK,3,4894
1440,26/10/2020,BD,2,911
1441,26/10/2020,LK,5,922
1442,26/10/2020,NP,0,494
1443,26/10/2020,PK,3,4331
1447,27/10/2020,LK,0,706
1444,27/10/2020,NP,0,482
1445,27/10/2020,PK,2,4466
1446,27/10/2020,BD,2,668
1450,28/10/2020,NP,0,446
1451,28/10/2020,PK,4,3505
1448,28/10/2020,BD,2,710
1449,28/10/2020,LK,0,664
